{"stats":{"minecraft:picked_up":{"minecraft:crafting_table":2,"minecraft:wheat":14,"iceandfire:witherbone":2,"minecraft:chicken":2,"tombstone:grave_key":1,"minecraft:string":5,"minecraft:raw_copper":13,"minecraft:blue_orchid":1,"minecraft:beetroot":1,"minecraft:cobbled_deepslate":15,"minecraft:beef":2,"minecraft:poppy":1,"minecraft:sugar_cane":2,"minecraft:furnace":1,"minecraft:phantom_membrane":3,"minecraft:egg":3,"minecraft:stick":2,"minecraft:raw_iron":38,"minecraft:composter":1,"minecraft:torch":14,"iceandfire:silver_ore":10,"sophisticatedbackpacks:backpack":1,"epicfight:skillbook":1,"minecraft:porkchop":11,"minecraft:diorite":7,"minecraft:carrot":44,"iceandfire:silver_ingot":2,"minecraft:arrow":6,"minecraft:rotten_flesh":5,"minecraft:beetroot_seeds":5,"minecraft:mutton":7,"minecraft:white_wool":10,"minecraft:cobblestone":193,"minecraft:feather":5,"minecraft:leather":3,"minecraft:potato":25,"minecraft:oak_log":12,"minecraft:yellow_bed":2,"minecraft:gunpowder":9,"minecraft:lapis_lazuli":16,"minecraft:dirt":27,"minecraft:bone":8,"minecraft:wheat_seeds":72,"minecraft:iron_ingot":3,"minecraft:iron_sword":3,"minecraft:oak_planks":6,"minecraft:pumpkin":4,"minecraft:dandelion":1,"minecraft:gravel":1,"minecraft:grass_block":1,"minecraft:spruce_log":1,"minecraft:dark_oak_log":2,"minecraft:spider_eye":1,"alexsmobs:animal_dictionary":1,"minecraft:pumpkin_seeds":4,"minecraft:stripped_jungle_wood":3,"minecraft:oak_sapling":1,"minecraft:coal":64},"minecraft:crafted":{"minecraft:oak_planks":40,"minecraft:cooked_chicken":2,"minecraft:furnace":1,"minecraft:bone_meal":9,"minecraft:white_carpet":3,"minecraft:cooked_mutton":4,"minecraft:iron_boots":1,"minecraft:iron_axe":1,"minecraft:stone_pickaxe":1,"minecraft:dark_oak_planks":12,"minecraft:cooked_beef":2,"iceandfire:silver_ingot":3,"minecraft:cooked_porkchop":4,"minecraft:crafting_table":4,"minecraft:spruce_planks":4,"minecraft:iron_helmet":1,"minecraft:baked_potato":1,"minecraft:iron_sword":4,"minecraft:bucket":1,"minecraft:bread":4,"minecraft:air":0,"minecraft:iron_chestplate":1,"minecraft:shield":1,"minecraft:stick":12,"minecraft:iron_ingot":37,"minecraft:white_bed":1,"minecraft:torch":4,"iceandfire:silver_pickaxe":1,"minecraft:shears":1,"iceandfire:silver_hoe":1},"minecraft:broken":{"minecraft:stone_pickaxe":1},"minecraft:custom":{"minecraft:mob_kills":33,"minecraft:animals_bred":1,"minecraft:inspect_hopper":1,"minecraft:interact_with_crafting_table":42,"minecraft:open_barrel":9,"minecraft:leave_game":5,"minecraft:time_since_death":6705,"minecraft:climb_one_cm":54008,"minecraft:sprint_one_cm":698902,"minecraft:walk_one_cm":966366,"minecraft:damage_blocked_by_shield":1238,"minecraft:drop":130,"minecraft:damage_dealt_absorbed":149,"minecraft:play_time":206141,"minecraft:sneak_time":4090,"minecraft:deaths":32,"minecraft:walk_under_water_one_cm":111043,"tombstone:tomb_raiding":1,"minecraft:jump":4486,"minecraft:walk_on_water_one_cm":141260,"minecraft:total_world_time":206141,"minecraft:interact_with_furnace":43,"tombstone:raider_killed":6,"minecraft:interact_with_stonecutter":1,"minecraft:sleep_in_bed":4,"minecraft:time_since_rest":6119,"minecraft:damage_taken":12403,"minecraft:damage_dealt":8167,"minecraft:player_kills":3,"minecraft:swim_one_cm":153410,"minecraft:fly_one_cm":1508077,"minecraft:open_chest":9,"minecraft:crouch_one_cm":14422,"tombstone:undead_killed":12,"tombstone:villager_killed":1,"minecraft:fall_one_cm":120181},"minecraft:killed":{"minecraft:spider":3,"minecraft:phantom":6,"minecraft:skeleton":3,"minecraft:chicken":2,"minecraft:pig":3,"minecraft:iron_golem":1,"minecraft:hoglin":1,"minecraft:creeper":2,"minecraft:sheep":4,"minecraft:zombie":1,"minecraft:wither_skeleton":2,"minecraft:villager":1,"minecraft:cow":1,"minecraft:enderman":1},"minecraft:killed_by":{"minecraft:player":9,"minecraft:wither_skeleton":11,"endermanoverhaul:cave_enderman":2,"minecraft:pillager":1,"minecraft:skeleton":1,"minecraft:phantom":6},"minecraft:mined":{"minecraft:tuff":1,"iceandfire:silver_ore":9,"minecraft:glow_lichen":1,"minecraft:granite":7,"minecraft:grass_block":20,"minecraft:stripped_jungle_wood":3,"minecraft:spruce_leaves":2,"minecraft:composter":1,"minecraft:spawner":2,"minecraft:furnace":1,"minecraft:carrots":24,"minecraft:iron_ore":36,"minecraft:pumpkin":5,"minecraft:potatoes":6,"minecraft:deepslate_iron_ore":2,"minecraft:dirt_path":1,"minecraft:blue_orchid":1,"minecraft:stone":185,"minecraft:white_wool":4,"minecraft:crafting_table":2,"minecraft:torch":4,"minecraft:tall_grass":2,"minecraft:copper_ore":5,"minecraft:cobblestone":13,"minecraft:lapis_ore":2,"minecraft:sugar_cane":1,"minecraft:oak_planks":6,"minecraft:diorite":7,"minecraft:wall_torch":10,"minecraft:birch_log":1,"minecraft:wheat":26,"minecraft:spruce_log":2,"minecraft:birch_leaves":1,"minecraft:yellow_bed":2,"minecraft:grass":74,"minecraft:oak_log":13,"minecraft:coal_ore":62,"minecraft:beetroots":2,"minecraft:gravel":1,"minecraft:dirt":4,"minecraft:oak_leaves":5,"minecraft:deepslate":13},"minecraft:used":{"minecraft:stone_sword":62,"minecraft:spruce_planks":3,"minecraft:shield":18,"minecraft:iron_sword":123,"minecraft:cooked_chicken":2,"minecraft:rotten_flesh":2,"minecraft:torch":18,"minecraft:dirt":26,"minecraft:white_carpet":1,"minecraft:carrot":49,"minecraft:dark_oak_planks":8,"minecraft:iron_axe":22,"minecraft:golden_carrot":3,"minecraft:furnace":2,"tombstone:gift":1,"minecraft:cooked_beef":2,"minecraft:potato":27,"minecraft:cobbled_deepslate":7,"minecraft:pumpkin":2,"minecraft:wheat_seeds":28,"minecraft:cooked_mutton":4,"minecraft:water_bucket":21,"epicfight:skillbook":1,"minecraft:diorite":6,"minecraft:baked_potato":1,"minecraft:oak_planks":2,"minecraft:stone_pickaxe":133,"minecraft:crafting_table":6,"minecraft:white_bed":1,"minecraft:shears":1,"iceandfire:silver_pickaxe":235,"minecraft:oak_log":2,"minecraft:bread":4,"minecraft:diamond_sword":14,"iceandfire:silver_hoe":85,"minecraft:cobblestone":148,"minecraft:cooked_porkchop":4,"minecraft:bucket":21,"minecraft:pumpkin_pie":27,"minecraft:yellow_bed":2,"minecraft:bone_meal":9},"minecraft:dropped":{"minecraft:water_bucket":1,"minecraft:iron_ingot":8,"minecraft:bread":36,"minecraft:iron_sword":5,"minecraft:cobblestone":37,"minecraft:book":3,"minecraft:leather":6,"minecraft:saddle":1,"minecraft:chainmail_helmet":1,"minecraft:stick":54,"minecraft:lava_bucket":1,"minecraft:dirt":1,"minecraft:torch":35,"tombstone:grave_key":1,"minecraft:mutton":9,"minecraft:melon_slice":21,"minecraft:iron_pickaxe":1,"minecraft:string":57,"minecraft:white_wool":3,"minecraft:bucket":1,"minecraft:bone":26,"minecraft:sugar_cane":26,"alexsmobs:animal_dictionary":1,"minecraft:obsidian":3,"minecraft:raw_iron":5,"minecraft:experience_bottle":1,"minecraft:oak_planks":43,"minecraft:iron_boots":1,"sophisticatedbackpacks:backpack":2,"minecraft:damaged_anvil":1,"minecraft:pumpkin_seeds":4,"minecraft:carrot":8,"minecraft:diamond_sword":1,"minecraft:potato":9,"minecraft:shield":1,"minecraft:gunpowder":3,"minecraft:iron_chestplate":1,"minecraft:yellow_bed":1,"minecraft:oak_sapling":1,"minecraft:spider_eye":1,"minecraft:stone_bricks":28,"minecraft:slime_ball":18,"minecraft:beef":23,"minecraft:egg":1}},"DataVersion":3120}