{"stats":{"minecraft:killed":{"minecraft:cave_spider":14,"minecraft:witch":2,"alexsmobs:raccoon":3,"minecraft:spider":13,"minecraft:phantom":1,"minecraft:skeleton":3,"iceandfire:siren":1,"minecraft:drowned":1,"minecraft:pig":4,"alexsmobs:seal":5,"minecraft:hoglin":4,"minecraft:creeper":2,"minecraft:pillager":1,"minecraft:zombie":1,"tombstone:spectral_wolf":1,"minecraft:wither_skeleton":44,"minecraft:cow":4},"minecraft:custom":{"minecraft:interact_with_anvil":2,"minecraft:mob_kills":112,"minecraft:inspect_hopper":1,"minecraft:interact_with_crafting_table":32,"minecraft:open_barrel":41,"minecraft:eat_cake_slice":1,"minecraft:damage_dealt_resisted":4910,"minecraft:leave_game":4,"minecraft:time_since_death":5968,"minecraft:climb_one_cm":21418,"minecraft:sprint_one_cm":1306585,"minecraft:walk_one_cm":967215,"minecraft:damage_blocked_by_shield":4891,"minecraft:drop":77,"minecraft:play_noteblock":2,"minecraft:damage_dealt_absorbed":137,"minecraft:play_time":243139,"minecraft:sneak_time":22580,"minecraft:deaths":33,"minecraft:walk_under_water_one_cm":94465,"minecraft:boat_one_cm":169068,"minecraft:jump":5504,"minecraft:interact_with_blast_furnace":1,"minecraft:walk_on_water_one_cm":125367,"minecraft:total_world_time":243139,"minecraft:interact_with_furnace":20,"tombstone:raider_killed":4,"minecraft:interact_with_grindstone":1,"minecraft:sleep_in_bed":5,"minecraft:time_since_rest":5694,"minecraft:damage_taken":2147483647,"minecraft:damage_absorbed":82,"tombstone:sneak_grave":1,"minecraft:damage_dealt":35661,"minecraft:swim_one_cm":339576,"minecraft:fly_one_cm":2752444,"minecraft:open_chest":138,"minecraft:crouch_one_cm":128756,"tombstone:undead_killed":51,"minecraft:interact_with_smoker":1,"minecraft:fall_one_cm":107378},"minecraft:used":{"minecraft:iron_bars":3,"minecraft:flint_and_steel":63,"minecraft:stone_shovel":241,"minecraft:chest":1,"minecraft:spruce_planks":10,"minecraft:shield":127,"minecraft:iron_sword":308,"minecraft:torch":51,"minecraft:dirt":256,"minecraft:anvil":1,"minecraft:chainmail_chestplate":2,"minecraft:carrot":14,"minecraft:dark_oak_planks":5,"minecraft:obsidian":10,"minecraft:shroomlight":2,"minecraft:iron_hoe":19,"minecraft:lantern":3,"minecraft:smooth_quartz":9,"minecraft:barrel":1,"minecraft:basalt":5,"minecraft:golden_carrot":26,"minecraft:scaffolding":1,"minecraft:furnace":3,"minecraft:gold_block":2,"tombstone:gift":8,"minecraft:potato":16,"minecraft:cobbled_deepslate":2,"minecraft:water_bucket":74,"epicfight:skillbook":10,"minecraft:birch_planks":2,"minecraft:stone_pickaxe":24,"minecraft:oak_planks":30,"minecraft:wooden_pickaxe":10,"minecraft:chainmail_helmet":1,"minecraft:diamond_axe":325,"minecraft:cracked_stone_bricks":1,"minecraft:golden_apple":2,"minecraft:mossy_cobblestone":1,"minecraft:yellow_terracotta":2,"minecraft:crafting_table":7,"minecraft:cobbled_deepslate_stairs":1,"minecraft:sticky_piston":1,"minecraft:redstone_torch":1,"minecraft:dark_prismarine":6,"sophisticatedbackpacks:backpack":1,"minecraft:diamond_pickaxe":241,"minecraft:cyan_carpet":7,"minecraft:melon_slice":3,"minecraft:bread":47,"tombstone:magic_scroll":3,"minecraft:stone_axe":98,"minecraft:diamond_sword":232,"minecraft:coal_block":1,"minecraft:cobblestone":4,"minecraft:porkchop":4,"minecraft:stripped_oak_wood":1,"minecraft:bucket":75,"minecraft:oak_boat":1,"minecraft:pumpkin_pie":3,"minecraft:yellow_bed":4,"minecraft:chainmail_leggings":2},"minecraft:broken":{"minecraft:flint_and_steel":1},"minecraft:killed_by":{"minecraft:player":3,"minecraft:wither_skeleton":23,"iceandfire:sea_serpent":1,"iceandfire:gorgon":1,"minecraft:skeleton":1,"minecraft:phantom":3},"minecraft:dropped":{"minecraft:iron_sword":2,"minecraft:wheat_seeds":146,"minecraft:cobbled_deepslate_stairs":1,"minecraft:cobblestone":3,"minecraft:prismarine_crystals":2,"minecraft:leather":3,"iceandfire:gorgon_head":1,"minecraft:spruce_stairs":3,"minecraft:coal":5,"minecraft:oxeye_daisy":1,"minecraft:diamond_horse_armor":3,"minecraft:dirt":17,"minecraft:gray_wool":1,"tombstone:grave_key":2,"minecraft:repeater":1,"minecraft:dark_oak_wood":3,"minecraft:wooden_axe":1,"minecraft:smooth_quartz":2,"minecraft:diamond_helmet":1,"tombstone:grave_dust":2,"minecraft:potion":1,"minecraft:cyan_carpet":7,"minecraft:dandelion":5,"iceandfire:dragonbone":32,"minecraft:bone":8,"minecraft:stone_axe":3,"alexsmobs:animal_dictionary":1,"minecraft:stone_shovel":2,"minecraft:light_gray_wool":1,"minecraft:oak_planks":1,"minecraft:stripped_acacia_wood":1,"minecraft:chainmail_chestplate":2,"minecraft:diamond_sword":1,"minecraft:shield":1,"minecraft:spruce_planks":14,"minecraft:charcoal":2,"minecraft:spruce_wood":6,"minecraft:spider_eye":5,"minecraft:brown_carpet":2,"minecraft:iron_bars":2,"minecraft:arrow":11,"minecraft:dark_prismarine":3,"iceandfire:dragon_skull_lightning":1},"minecraft:picked_up":{"iceandfire:dragon_skull_lightning":1,"minecraft:charcoal":4,"minecraft:crafting_table":2,"minecraft:wheat":24,"iceandfire:witherbone":22,"minecraft:anvil":1,"minecraft:diamond_sword":5,"minecraft:oak_stairs":1,"minecraft:potion":1,"minecraft:gold_block":2,"minecraft:enchanted_book":1,"minecraft:diamond_horse_armor":2,"tombstone:grave_key":2,"minecraft:cornflower":2,"minecraft:string":69,"minecraft:sticky_piston":1,"minecraft:shroomlight":2,"minecraft:cyan_carpet":39,"minecraft:sea_pickle":2,"minecraft:cracked_stone_bricks":1,"minecraft:cobbled_deepslate":2,"minecraft:spruce_planks":96,"minecraft:beef":7,"minecraft:redstone_torch":4,"minecraft:poppy":1,"minecraft:smooth_quartz":53,"minecraft:light_gray_wool":1,"alexsmobs:raccoon_tail":1,"minecraft:melon_slice":66,"minecraft:coal_block":13,"minecraft:chest":2,"minecraft:spruce_trapdoor":1,"minecraft:furnace":9,"minecraft:raw_iron":3,"minecraft:stick":4,"iceandfire:dragonbone":32,"minecraft:torch":4,"minecraft:spruce_stairs":5,"minecraft:spruce_fence":7,"epicfight:skillbook":5,"minecraft:porkchop":23,"tombstone:grave_dust":11,"minecraft:carrot":9,"minecraft:redstone":2,"minecraft:prismarine_crystals":2,"minecraft:dark_oak_planks":16,"minecraft:brown_carpet":2,"minecraft:arrow":19,"minecraft:stone_shovel":1,"minecraft:rotten_flesh":2,"minecraft:hay_block":16,"minecraft:yellow_terracotta":2,"minecraft:stripped_birch_wood":2,"minecraft:obsidian":13,"minecraft:iron_bars":6,"alexsmobs:flying_fish":2,"minecraft:cobblestone":40,"minecraft:oxeye_daisy":2,"minecraft:stripped_oak_log":4,"minecraft:birch_log":1,"minecraft:enchanting_table":3,"minecraft:air":0,"minecraft:basalt":5,"minecraft:repeater":1,"minecraft:leather":10,"minecraft:potato":12,"minecraft:birch_planks":4,"minecraft:oak_log":11,"minecraft:yellow_bed":4,"minecraft:cobbled_deepslate_stairs":2,"minecraft:gunpowder":2,"minecraft:wither_skeleton_skull":2,"minecraft:dirt":273,"minecraft:lantern":3,"tombstone:gift":1,"minecraft:red_carpet":2,"minecraft:bone":83,"minecraft:kelp":34,"minecraft:wheat_seeds":172,"minecraft:spruce_wood":10,"minecraft:grindstone":1,"minecraft:stripped_oak_wood":1,"minecraft:glass_bottle":1,"minecraft:iron_sword":2,"minecraft:oak_planks":18,"minecraft:book":200,"minecraft:scaffolding":1,"minecraft:dandelion":10,"minecraft:stripped_acacia_wood":1,"iceandfire:shiny_scales":10,"minecraft:spider_eye":12,"minecraft:barrel":1,"minecraft:dark_prismarine":9,"minecraft:bundle":1,"minecraft:stone_axe":1,"minecraft:spruce_sign":2,"minecraft:bread":8,"iceandfire:gorgon_head":1,"tombstone:magic_scroll":1,"minecraft:brown_banner":1,"minecraft:damaged_anvil":1,"minecraft:dark_oak_wood":5,"minecraft:coal":17},"minecraft:crafted":{"minecraft:oak_planks":60,"minecraft:stone_shovel":2,"minecraft:coal":9,"minecraft:furnace":1,"minecraft:diamond":18,"minecraft:diamond_helmet":1,"minecraft:diamond_leggings":1,"minecraft:stone_pickaxe":1,"minecraft:chest":2,"minecraft:diamond_boots":1,"alexsmobs:flying_fish_boots":1,"sophisticatedbackpacks:iron_backpack":1,"minecraft:wheat":351,"sophisticatedbackpacks:backpack":1,"minecraft:diamond_axe":1,"minecraft:crafting_table":6,"minecraft:spruce_planks":8,"minecraft:wooden_pickaxe":2,"sophisticatedbackpacks:gold_backpack":1,"minecraft:gold_block":19,"minecraft:bucket":1,"minecraft:hay_block":19,"minecraft:birch_planks":8,"minecraft:stone_axe":1,"minecraft:bread":67,"minecraft:air":0,"minecraft:oak_boat":1,"minecraft:diamond_pickaxe":1,"minecraft:gold_nugget":18,"minecraft:shield":2,"sophisticatedbackpacks:diamond_backpack":1,"minecraft:stick":20,"minecraft:iron_ingot":3,"minecraft:gold_ingot":88,"minecraft:torch":40,"tombstone:bone_needle":2,"minecraft:diamond_chestplate":1},"minecraft:mined":{"minecraft:dark_oak_planks":17,"minecraft:yellow_terracotta":4,"minecraft:dark_prismarine":13,"minecraft:red_carpet":2,"minecraft:spruce_planks":94,"minecraft:dark_oak_leaves":1,"minecraft:cobbled_deepslate_stairs":1,"minecraft:jungle_leaves":1,"minecraft:cyan_stained_glass":2,"minecraft:obsidian":11,"minecraft:spruce_fence":9,"minecraft:grass_block":254,"minecraft:stripped_jungle_wood":4,"minecraft:coal_block":13,"minecraft:soul_soil":2,"minecraft:oxeye_daisy":1,"minecraft:spawner":41,"minecraft:hay_block":16,"minecraft:diorite_slab":1,"minecraft:furnace":9,"minecraft:carrots":2,"minecraft:iron_ore":3,"minecraft:barrel":1,"minecraft:fire":73,"minecraft:acacia_stairs":1,"minecraft:anvil":1,"minecraft:gold_block":4,"minecraft:enchanting_table":4,"minecraft:bookshelf":71,"minecraft:potatoes":4,"minecraft:shroomlight":8,"minecraft:oak_stairs":1,"minecraft:iron_bars":6,"minecraft:stripped_oak_log":4,"minecraft:spruce_wood":12,"minecraft:stone":39,"minecraft:redstone_wall_torch":1,"minecraft:piston_head":1,"minecraft:scaffolding":1,"minecraft:kelp_plant":1,"minecraft:basalt":6,"minecraft:dandelion":1,"minecraft:crafting_table":2,"minecraft:torch":1,"minecraft:dark_oak_wood":5,"minecraft:calcite":1,"minecraft:melon":14,"minecraft:chest":2,"minecraft:stone_slab":1,"minecraft:tall_grass":7,"minecraft:grindstone":1,"minecraft:damaged_anvil":1,"minecraft:oak_planks":4,"minecraft:wall_torch":1,"minecraft:diorite":2,"minecraft:spruce_stairs":3,"minecraft:birch_planks":2,"minecraft:birch_log":1,"minecraft:wheat":24,"minecraft:birch_leaves":2,"minecraft:stripped_oak_wood":1,"minecraft:light_gray_wool":2,"minecraft:yellow_bed":4,"minecraft:grass":32,"minecraft:coal_ore":5,"minecraft:oak_log":11,"minecraft:cyan_carpet":3,"minecraft:smooth_quartz":71,"minecraft:dirt":10,"minecraft:stripped_birch_wood":2,"minecraft:cobweb":10,"minecraft:stripped_acacia_wood":2,"minecraft:stone_bricks":1,"minecraft:deepslate":2}},"DataVersion":3120}