{"stats":{"minecraft:dropped":{"minecraft:iron_sword":1,"minecraft:porkchop":3,"minecraft:wheat_seeds":9,"minecraft:glass_bottle":2,"minecraft:leather":5,"minecraft:granite":1,"minecraft:cracked_stone_bricks":1,"iceandfire:gorgon_head":1,"minecraft:diorite":2,"minecraft:cornflower":2,"tombstone:grave_key":2,"alexsmobs:flying_fish":2,"minecraft:rose_bush":1,"minecraft:melon_slice":4,"tombstone:grave_dust":14,"minecraft:chainmail_leggings":1,"minecraft:string":20,"minecraft:cyan_carpet":1,"minecraft:bone":1,"minecraft:stone_axe":1,"minecraft:sugar_cane":7,"tombstone:gift":1,"minecraft:oak_planks":14,"sophisticatedbackpacks:backpack":1,"minecraft:acacia_stairs":1,"minecraft:spruce_fence":3,"minecraft:chainmail_chestplate":1,"minecraft:poppy":2,"minecraft:shield":1,"minecraft:spruce_planks":1,"minecraft:spider_eye":1,"minecraft:stone_bricks":28,"minecraft:blue_orchid":1,"minecraft:bow":1,"minecraft:beef":1,"iceandfire:manuscript":2,"epicfight:skillbook":1,"minecraft:egg":2},"minecraft:crafted":{"minecraft:oak_planks":296,"minecraft:iron_axe":1,"minecraft:chest":5,"minecraft:dark_oak_planks":72,"alexsmobs:flying_fish_boots":1,"sophisticatedbackpacks:iron_backpack":2,"minecraft:wheat":81,"minecraft:golden_boots":1,"iceandfire:dragonbone_sword":1,"minecraft:wooden_shovel":1,"sophisticatedbackpacks:backpack":3,"minecraft:crafting_table":10,"minecraft:spruce_planks":148,"minecraft:wooden_pickaxe":3,"minecraft:birch_planks":28,"minecraft:stone_axe":3,"minecraft:bread":57,"minecraft:air":0,"minecraft:oak_boat":1,"minecraft:white_wool":3,"minecraft:shield":3,"minecraft:stick":116,"minecraft:iron_ingot":6,"minecraft:iron_pickaxe":2,"minecraft:wooden_axe":2,"minecraft:white_bed":3,"minecraft:acacia_planks":20,"minecraft:torch":116},"minecraft:killed_by":{"minecraft:husk":1,"minecraft:player":4,"minecraft:wither_skeleton":14,"minecraft:spider":2,"iceandfire:gorgon":1,"minecraft:skeleton":5,"minecraft:phantom":7},"minecraft:killed":{"minecraft:cave_spider":41,"minecraft:witch":1,"iceandfire:gorgon":1,"minecraft:spider":28,"minecraft:phantom":4,"minecraft:skeleton":28,"minecraft:chicken":1,"alexsmobs:flying_fish":4,"minecraft:pig":3,"minecraft:iron_golem":3,"alexsmobs:stradpole":1,"minecraft:creeper":5,"minecraft:sheep":20,"minecraft:pillager":3,"minecraft:zombie":4,"minecraft:wither_skeleton":83,"minecraft:cow":22},"minecraft:used":{"tombstone:scroll_of_lightning_resistance":3,"minecraft:chest":2,"minecraft:spruce_planks":55,"minecraft:shield":193,"minecraft:iron_sword":638,"minecraft:stripped_jungle_wood":5,"minecraft:iron_chestplate":1,"minecraft:torch":113,"minecraft:dirt":8,"minecraft:carrot":12,"minecraft:spruce_fence":4,"minecraft:dark_oak_planks":39,"minecraft:shroomlight":2,"minecraft:wooden_axe":52,"minecraft:lava_bucket":1,"minecraft:iron_axe":103,"minecraft:iron_boots":1,"minecraft:smooth_quartz":101,"minecraft:dark_oak_wood":4,"minecraft:repeater":2,"minecraft:golden_carrot":25,"minecraft:bow":54,"minecraft:beetroot_seeds":1,"tombstone:gift":6,"minecraft:wheat_seeds":11,"tombstone:scroll_of_mercy":8,"minecraft:water_bucket":5,"epicfight:skillbook":12,"minecraft:damaged_anvil":1,"minecraft:birch_planks":23,"minecraft:oak_planks":131,"minecraft:wooden_pickaxe":66,"minecraft:chainmail_helmet":1,"tombstone:scroll_of_true_sight":1,"minecraft:sugar_cane":27,"minecraft:white_wool":1,"minecraft:golden_apple":1,"minecraft:crafting_table":13,"minecraft:white_bed":7,"minecraft:apple":1,"minecraft:chicken":1,"minecraft:melon_slice":71,"minecraft:bread":121,"minecraft:iron_pickaxe":259,"minecraft:cyan_carpet":2,"minecraft:stone_axe":205,"minecraft:diamond_sword":758,"minecraft:kelp":1,"minecraft:potion":1,"minecraft:oak_boat":1,"minecraft:pumpkin_pie":4,"minecraft:bucket":7,"minecraft:yellow_bed":5},"minecraft:picked_up":{"iceandfire:dragon_skull_lightning":1,"minecraft:charcoal":2,"minecraft:iron_chestplate":1,"minecraft:crafting_table":3,"minecraft:wheat":91,"minecraft:chicken":1,"iceandfire:witherbone":31,"minecraft:anvil":1,"minecraft:stone_slab":1,"minecraft:diamond_sword":8,"minecraft:wooden_pickaxe":1,"minecraft:potion":1,"minecraft:diamond_horse_armor":1,"tombstone:grave_key":2,"minecraft:shield":3,"minecraft:cornflower":2,"iceandfire:manuscript":2,"minecraft:string":157,"minecraft:iron_axe":2,"minecraft:experience_bottle":1,"minecraft:shroomlight":2,"minecraft:cyan_carpet":7,"minecraft:blue_orchid":2,"minecraft:cracked_stone_bricks":1,"minecraft:bucket":1,"minecraft:spruce_planks":43,"minecraft:beef":65,"minecraft:rose_bush":4,"minecraft:redstone_torch":1,"minecraft:iron_pickaxe":2,"minecraft:poppy":3,"minecraft:smooth_quartz":105,"minecraft:melon_slice":97,"minecraft:sugar_cane":124,"minecraft:phantom_membrane":1,"minecraft:iron_boots":1,"minecraft:egg":4,"minecraft:raw_iron":12,"minecraft:stick":244,"iceandfire:dragonbone":32,"minecraft:torch":40,"minecraft:spruce_stairs":1,"minecraft:spruce_fence":13,"sophisticatedbackpacks:backpack":2,"epicfight:skillbook":7,"minecraft:porkchop":11,"tombstone:grave_dust":24,"minecraft:diorite":2,"minecraft:carrot":16,"minecraft:redstone":4,"minecraft:dark_oak_planks":16,"minecraft:arrow":59,"minecraft:rotten_flesh":6,"minecraft:beetroot_seeds":1,"minecraft:hay_block":14,"minecraft:carved_pumpkin":1,"minecraft:saddle":1,"minecraft:mutton":46,"alexsmobs:flying_fish":4,"minecraft:skeleton_skull":2,"minecraft:white_wool":29,"minecraft:cobblestone":116,"minecraft:birch_log":7,"minecraft:enchanting_table":1,"minecraft:air":0,"minecraft:feather":2,"minecraft:repeater":2,"minecraft:water_bucket":1,"minecraft:leather":34,"minecraft:potato":11,"minecraft:birch_planks":3,"minecraft:oak_log":74,"minecraft:chainmail_chestplate":1,"minecraft:yellow_bed":6,"minecraft:gunpowder":4,"minecraft:wither_skeleton_skull":3,"minecraft:gray_concrete":1,"minecraft:dirt":9,"tombstone:gift":2,"minecraft:bone":154,"minecraft:apple":1,"minecraft:stone_bricks":86,"minecraft:kelp":33,"minecraft:bow":1,"minecraft:wheat_seeds":92,"minecraft:spruce_wood":37,"minecraft:iron_ingot":18,"tombstone:bag_of_seeds":1,"minecraft:mossy_stone_bricks":1,"minecraft:diamond_helmet":1,"minecraft:glass_bottle":1,"minecraft:oak_planks":56,"minecraft:iron_sword":3,"minecraft:dark_oak_stairs":1,"minecraft:purple_concrete":9,"minecraft:book":114,"minecraft:stripped_acacia_wood":8,"minecraft:lava_bucket":1,"minecraft:blast_furnace":1,"minecraft:white_bed":4,"minecraft:acacia_stairs":2,"minecraft:spider_eye":24,"minecraft:dark_prismarine":15,"minecraft:bundle":3,"minecraft:blue_terracotta":2,"minecraft:slime_ball":18,"minecraft:chainmail_leggings":1,"minecraft:stripped_jungle_wood":9,"minecraft:granite":2,"minecraft:golden_apple":2,"minecraft:gray_wool":1,"minecraft:spruce_button":1,"minecraft:chainmail_helmet":1,"minecraft:bread":36,"iceandfire:gorgon_head":2,"minecraft:damaged_anvil":2,"tombstone:magic_scroll":4,"minecraft:oak_sapling":5,"minecraft:brown_banner":1,"minecraft:dark_oak_wood":40,"minecraft:coal":76},"minecraft:broken":{"minecraft:chainmail_helmet":1,"minecraft:wooden_pickaxe":1,"minecraft:shield":1,"minecraft:iron_pickaxe":1,"minecraft:wooden_axe":1},"minecraft:custom":{"minecraft:interact_with_anvil":5,"minecraft:mob_kills":278,"minecraft:interact_with_crafting_table":58,"minecraft:open_barrel":49,"minecraft:damage_dealt_resisted":13616,"minecraft:leave_game":8,"minecraft:time_since_death":6573,"minecraft:climb_one_cm":21389,"minecraft:sprint_one_cm":1973565,"minecraft:walk_one_cm":2171182,"minecraft:damage_blocked_by_shield":9355,"minecraft:drop":55,"minecraft:play_noteblock":1,"minecraft:talked_to_villager":1,"minecraft:play_time":442174,"minecraft:deaths":36,"minecraft:sneak_time":23994,"minecraft:walk_under_water_one_cm":111062,"minecraft:boat_one_cm":92168,"minecraft:jump":5598,"minecraft:interact_with_blast_furnace":1,"minecraft:walk_on_water_one_cm":126158,"minecraft:total_world_time":442174,"minecraft:interact_with_furnace":3,"tombstone:raider_killed":8,"minecraft:tune_noteblock":2,"minecraft:interact_with_grindstone":1,"minecraft:sleep_in_bed":13,"minecraft:time_since_rest":5946,"minecraft:damage_taken":2147483647,"minecraft:damage_absorbed":50,"minecraft:trigger_trapped_chest":1,"minecraft:damage_dealt":68153,"tombstone:cast_on_ally":1,"minecraft:player_kills":10,"minecraft:swim_one_cm":51793,"minecraft:fly_one_cm":2113051,"minecraft:open_chest":92,"minecraft:crouch_one_cm":78977,"tombstone:undead_killed":120,"minecraft:fall_one_cm":102420},"minecraft:mined":{"minecraft:dark_oak_planks":16,"minecraft:dark_prismarine":15,"minecraft:spruce_planks":43,"minecraft:white_bed":4,"minecraft:potted_blue_orchid":1,"minecraft:carved_pumpkin":1,"minecraft:granite":1,"minecraft:spruce_fence":11,"minecraft:grass_block":3,"minecraft:stripped_jungle_wood":5,"minecraft:redstone_wire":1,"minecraft:kelp":15,"minecraft:spawner":14,"minecraft:hay_block":14,"minecraft:tall_seagrass":1,"minecraft:iron_ore":7,"minecraft:fire":14,"minecraft:cobbled_deepslate":1,"minecraft:acacia_stairs":1,"minecraft:anvil":1,"minecraft:enchanting_table":1,"minecraft:dark_oak_stairs":1,"minecraft:bookshelf":39,"minecraft:spruce_wood":42,"minecraft:stone":69,"minecraft:white_wool":5,"minecraft:gray_concrete":1,"minecraft:glass_pane":3,"minecraft:kelp_plant":15,"minecraft:crafting_table":3,"minecraft:cornflower":2,"minecraft:torch":1,"minecraft:dark_oak_wood":42,"minecraft:blast_furnace":1,"minecraft:melon":14,"minecraft:rose_bush":6,"minecraft:dead_bush":1,"minecraft:tall_grass":4,"minecraft:cobblestone":7,"minecraft:damaged_anvil":1,"minecraft:oak_planks":10,"minecraft:lily_pad":1,"minecraft:sugar_cane":61,"minecraft:skeleton_skull":2,"minecraft:spruce_stairs":4,"minecraft:birch_planks":3,"minecraft:repeater":2,"minecraft:blue_terracotta":3,"minecraft:birch_log":5,"minecraft:wheat":95,"minecraft:birch_leaves":3,"minecraft:purple_concrete":18,"minecraft:yellow_bed":5,"minecraft:grass":71,"minecraft:coal_ore":30,"minecraft:oak_log":74,"minecraft:beetroots":1,"minecraft:cyan_carpet":15,"minecraft:smooth_quartz":111,"minecraft:dirt":3,"minecraft:cobweb":7,"minecraft:cracked_stone_bricks":1,"minecraft:stripped_acacia_wood":8,"minecraft:stone_bricks":34,"minecraft:oak_leaves":16,"minecraft:mossy_stone_bricks":1}},"DataVersion":3120}