{"stats":{"minecraft:picked_up":{"minecraft:crafting_table":6,"minecraft:wheat":2,"minecraft:chicken":4,"iceandfire:witherbone":9,"minecraft:string":1,"minecraft:raw_copper":7,"minecraft:cyan_carpet":3,"minecraft:cobbled_deepslate":25,"minecraft:beef":41,"minecraft:iron_pickaxe":1,"minecraft:smooth_quartz":4,"minecraft:furnace":8,"minecraft:egg":1,"minecraft:raw_iron":75,"minecraft:torch":17,"minecraft:spruce_fence":1,"minecraft:porkchop":17,"tombstone:grave_dust":4,"minecraft:diorite":2,"minecraft:arrow":6,"minecraft:rotten_flesh":7,"minecraft:cobblestone":216,"minecraft:leather_chestplate":1,"minecraft:feather":7,"minecraft:leather":16,"minecraft:potato":3,"minecraft:flint":1,"minecraft:oak_log":12,"minecraft:yellow_bed":5,"minecraft:wither_skeleton_skull":1,"minecraft:dirt":15,"minecraft:bone":11,"minecraft:wheat_seeds":5,"tombstone:bag_of_seeds":1,"minecraft:oak_planks":1,"minecraft:dark_oak_stairs":1,"minecraft:bundle":1,"minecraft:deepslate":2,"minecraft:diamond":3,"minecraft:granite":13,"tombstone:magic_scroll":2,"minecraft:oak_sapling":1,"minecraft:damaged_anvil":1,"minecraft:coal":55,"minecraft:ender_pearl":1},"minecraft:crafted":{"minecraft:oak_planks":40,"minecraft:leather_boots":1,"epicfight:iron_spear":1,"minecraft:cooked_chicken":4,"minecraft:furnace":4,"minecraft:flint_and_steel":1,"minecraft:iron_boots":1,"minecraft:stone_pickaxe":1,"sophisticatedbackpacks:iron_backpack":1,"minecraft:cooked_beef":32,"minecraft:diamond_sword":1,"minecraft:cooked_porkchop":7,"minecraft:crafting_table":2,"minecraft:wooden_pickaxe":1,"minecraft:iron_helmet":1,"minecraft:iron_sword":1,"minecraft:bucket":1,"minecraft:air":0,"minecraft:iron_chestplate":1,"minecraft:shield":1,"minecraft:stick":28,"minecraft:iron_ingot":80,"minecraft:leather_chestplate":1,"minecraft:iron_pickaxe":2,"minecraft:stone_sword":1,"minecraft:iron_leggings":1,"minecraft:torch":16},"minecraft:custom":{"minecraft:mob_kills":58,"minecraft:interact_with_crafting_table":42,"minecraft:open_barrel":10,"goblintraders:trade_with_goblin":30,"minecraft:damage_dealt_resisted":1967,"minecraft:leave_game":2,"minecraft:time_since_death":26085,"minecraft:climb_one_cm":1197,"minecraft:sprint_one_cm":1004966,"minecraft:walk_one_cm":678911,"minecraft:damage_blocked_by_shield":1010,"minecraft:drop":38,"minecraft:damage_dealt_absorbed":74,"minecraft:play_time":143613,"minecraft:deaths":10,"minecraft:sneak_time":3561,"minecraft:walk_under_water_one_cm":16096,"minecraft:jump":2382,"minecraft:walk_on_water_one_cm":22867,"minecraft:total_world_time":143613,"minecraft:interact_with_furnace":58,"tombstone:raider_killed":4,"minecraft:sleep_in_bed":5,"minecraft:time_since_rest":9074,"minecraft:damage_taken":5544,"minecraft:damage_dealt":12233,"minecraft:swim_one_cm":7058,"minecraft:fly_one_cm":737719,"minecraft:player_kills":4,"minecraft:open_chest":37,"minecraft:crouch_one_cm":17142,"tombstone:undead_killed":21,"minecraft:fall_one_cm":45839},"minecraft:killed":{"minecraft:witch":1,"minecraft:spider":1,"minecraft:horse":1,"minecraft:skeleton":7,"minecraft:chicken":5,"minecraft:pig":7,"minecraft:pillager":3,"minecraft:zombie":2,"endermanoverhaul:cave_enderman":1,"minecraft:wither_skeleton":12,"minecraft:cow":19},"minecraft:killed_by":{"minecraft:player":1,"minecraft:wither_skeleton":4,"endermanoverhaul:cave_enderman":2,"minecraft:zombie":1,"iceandfire:ghost":1},"minecraft:mined":{"minecraft:yellow_terracotta":1,"minecraft:spruce_planks":2,"minecraft:deepslate_diamond_ore":3,"minecraft:granite":13,"minecraft:grass_block":5,"minecraft:spruce_fence":1,"minecraft:furnace":8,"minecraft:iron_ore":44,"minecraft:dark_oak_stairs":1,"minecraft:deepslate_iron_ore":30,"minecraft:stone":214,"minecraft:crafting_table":6,"minecraft:torch":2,"minecraft:copper_ore":2,"minecraft:tall_grass":2,"minecraft:cobblestone":6,"minecraft:deepslate_coal_ore":9,"minecraft:oak_planks":1,"minecraft:damaged_anvil":1,"minecraft:diorite":2,"minecraft:wall_torch":15,"minecraft:wheat":2,"minecraft:yellow_bed":5,"minecraft:grass":21,"minecraft:oak_log":12,"minecraft:coal_ore":13,"minecraft:dirt":21,"minecraft:cyan_carpet":4,"minecraft:smooth_quartz":2,"minecraft:cracked_stone_bricks":4,"minecraft:stone_bricks":3,"minecraft:mossy_stone_bricks":4,"minecraft:oak_leaves":1,"minecraft:deepslate":35},"minecraft:dropped":{"minecraft:wheat_seeds":2,"minecraft:granite":5,"minecraft:stick":1,"minecraft:dirt":3,"tombstone:bag_of_seeds":1,"minecraft:dark_oak_log":2,"minecraft:diorite":2,"tombstone:magic_scroll":1,"minecraft:cornflower":1,"tombstone:grave_key":1,"minecraft:rose_bush":1,"tombstone:grave_dust":6,"minecraft:iron_pickaxe":1,"minecraft:cyan_carpet":3,"minecraft:stone_sword":1,"alexsmobs:animal_dictionary":1,"minecraft:deepslate":1,"tombstone:gift":2,"minecraft:rotten_flesh":7,"minecraft:wither_skeleton_skull":1,"minecraft:spruce_fence":1,"minecraft:leather_chestplate":2,"minecraft:potato":6,"minecraft:bundle":1,"minecraft:leather_boots":1,"minecraft:stone_pickaxe":1},"minecraft:used":{"minecraft:stone_sword":86,"minecraft:shield":16,"minecraft:iron_sword":57,"minecraft:cooked_chicken":4,"minecraft:torch":25,"minecraft:dirt":12,"minecraft:granite":8,"minecraft:furnace":8,"tombstone:gift":2,"minecraft:egg":1,"minecraft:cooked_beef":30,"minecraft:cobbled_deepslate":3,"minecraft:water_bucket":5,"epicfight:skillbook":3,"minecraft:damaged_anvil":1,"epicfight:iron_spear":8,"minecraft:stone_pickaxe":131,"minecraft:oak_planks":4,"minecraft:wooden_pickaxe":21,"minecraft:crafting_table":7,"minecraft:crossbow":7,"minecraft:iron_pickaxe":248,"minecraft:diamond_sword":136,"minecraft:cobblestone":119,"minecraft:cooked_porkchop":7,"minecraft:bucket":6,"minecraft:yellow_bed":4}},"DataVersion":3120}